{"cameraMode":{"drawMode":0,"name":"Shaded","section":"Shading Mode"},"sceneLighting":true,"audioPlay":false,"sceneViewState":{"m_AlwaysRefresh":false,"showFog":true,"showSkybox":true,"showFlares":true,"showImageEffects":true,"showParticleSystems":true,"showVisualEffectGraphs":true,"m_FxEnabled":true},"in2DMode":false,"pivot":{"x":0.8572173118591309,"y":0.7239254117012024,"z":-307.29998779296877},"rotation":{"x":-0.2762998044490814,"y":0.5064892172813416,"z":-0.17529694736003877,"w":-0.7979100346565247},"size":13.699978828430176,"orthographic":false}